<?xml version="1.0" encoding="UTF-8"?>
<!DOCTYPE hibernate-configuration PUBLIC
        "-//Hibernate/Hibernate Configuration DTD 3.0//EN"
        "http://www.hibernate.org/dtd/hibernate-configuration-3.0.dtd">
<hibernate-configuration>
    <session-factory>

        <property name="hibernate.connection.driver_class">com.mysql.cj.jdbc.Driver</property>
        <property name="hibernate.connection.url">jdbc:mysql://localhost:3306/healthsure</property>
        <property name="hibernate.connection.username">root</property>
        <property name="hibernate.connection.password">root</property>

        <property name="hibernate.dialect">org.hibernate.dialect.MySQLDialect</property>

        <property name="hibernate.show_sql">true</property>
        <property name="hibernate.format_sql">true</property>
        <property name="hibernate.use_sql_comments">true</property>

        <!-- Disable JPA validation integration -->
        <property name="javax.persistence.validation.mode">none</property>

        <!-- Mappings -->
        <mapping resource="com/infinite/jsf/insurance/mapping/InsuranceCompany.hbm.xml" />
        <mapping resource="com/infinite/jsf/insurance/mapping/InsurancePlan.hbm.xml" />
        <mapping resource="com/infinite/jsf/insurance/mapping/InsuranceCoverageOption.hbm.xml" />
        <mapping resource="com/infinite/jsf/insurance/mapping/Subscription.hbm.xml" />
        <mapping resource="com/infinite/jsf/insurance/mapping/SubscribedMember.hbm.xml" />
        <mapping resource="com/infinite/jsf/insurance/mapping/Recipient.hbm.xml" />
        
        <!-- Optionally enable if you want auto schema update -->
        <!-- <property name="hibernate.hbm2ddl.auto">update</property> -->

    </session-factory>
</hibernate-configuration>
