<?xml version="1.0"?>
<!DOCTYPE hibernate-mapping PUBLIC 
  "-//Hibernate/Hibernate Mapping DTD 3.0//EN"
  "http://hibernate.sourceforge.net/hibernate-mapping-3.0.dtd">

<hibernate-mapping>
  <class name="com.infinite.jsf.provider.model.MedicalProcedure" table="medical_procedure">
    <id name="procedureId" column="procedure_id" type="string">
      <generator class="assigned"/>
    </id>

    <!-- Many-to-One Relationships -->
    <many-to-one name="appointment" class="com.infinite.jsf.provider.model.Appointment" column="appointment_id" not-null="true" fetch="join"/>

    <many-to-one name="recipient" class="com.infinite.jsf.recipient.model.Recipient" column="h_id" not-null="true" fetch="join"/>

    <many-to-one name="provider" class="com.infinite.jsf.provider.model.Provider" column="provider_id" not-null="true" fetch="join"/>

    <many-to-one name="doctor" class="com.infinite.jsf.provider.model.Doctor" column="doctor_id" not-null="true" fetch="join"/>

    <!-- Date Properties -->
    <property name="procedureDate" column="procedure_date" type="date" not-null="true"/>
    
    <!-- Text Properties -->
    <property name="diagnosis" column="diagnosis" type="text" not-null="true"/>
    <property name="recommendations" column="recommendations" type="text"/>
    
    <!-- Timestamp Properties -->
    <property name="fromDate" column="from_date" type="timestamp" not-null="true"/>
    <property name="toDate" column="to_date" type="timestamp"/>
    <property name="createdAt" column="created_at" type="timestamp" not-null="true"/>

    <!-- One-to-Many Relationships -->
    <set name="claims" table="Claims" inverse="true" lazy="true">
      <key column="procedure_id" not-null="true"/>
      <one-to-many class="com.infinite.jsf.provider.model.Claims"/>
    </set>

    <set name="tests" table="procedure_test" cascade="all-delete-orphan" lazy="true" inverse="true">
      <key column="procedure_id" not-null="true"/>
      <one-to-many class="com.infinite.jsf.provider.model.ProcedureTest"/>
    </set>

    <set name="prescriptions" table="prescription" cascade="all-delete-orphan" lazy="true" inverse="true">
      <key column="procedure_id" not-null="true"/>
      <one-to-many class="com.infinite.jsf.provider.model.Prescription"/>
    </set>
  </class>
</hibernate-mapping>