<?xml version="1.0"?>
<!DOCTYPE hibernate-mapping PUBLIC 
  "-//Hibernate/Hibernate Mapping DTD 3.0//EN"
  "http://hibernate.sourceforge.net/hibernate-mapping-3.0.dtd">

<hibernate-mapping>
  <class name="com.infinite.jsf.provider.model.Prescription" table="prescription">
    <id name="prescriptionId" column="prescription_id" type="string">
      <generator class="assigned"/>
    </id>

    <!-- Many-to-One Relationships -->
    <many-to-one name="procedure" class="com.infinite.jsf.provider.model.MedicalProcedure" column="procedure_id" not-null="true" fetch="join"/>

    <many-to-one name="recipient" class="com.infinite.jsf.recipient.model.Recipient" column="h_id" not-null="true" fetch="join"/>

    <many-to-one name="provider" class="com.infinite.jsf.provider.model.Provider" column="provider_id" not-null="true" fetch="join"/>

    <many-to-one name="doctor" class="com.infinite.jsf.provider.model.Doctor" column="doctor_id" not-null="true" fetch="join"/>
    
    <!-- Timestamps -->
    <property name="writtenOn" column="written_on" type="timestamp" not-null="true"/>
    <property name="createdAt" column="created_at" type="timestamp" not-null="true"/>
  </class>
</hibernate-mapping>